"Status","Name","Duration in ms","Description"
"passed","scripts.test_webform_text.TestWebformText#test_en_check_maxlength","6",""
"passed","scripts.test_webform_text.TestWebformText#test_ja_check_maxlength","5",""
"passed","scripts.test_webform_text.TestWebformText#test_gl_check_placeholder","35",""
"passed","scripts.test_webform_text.TestWebformText#test_gl_check_options","258",""
"passed","scripts.test_webform_text.TestWebformText#test_en_check_placeholder","32",""
"passed","scripts.test_webform_text.TestWebformText#test_en_empty_error_message","4",""
"passed","scripts.test_webform_text.TestWebformText#test_ja_check_placeholder","36",""
"passed","scripts.test_webform_text.TestWebformText#test_en_check_placeholder","35",""
"passed","scripts.test_webform_text.TestWebformText#test_en_check_placeholder","29",""
"passed","scripts.test_webform_text.TestWebformText#test_gl_check_placeholder","35",""
"passed","scripts.test_webform_text.TestWebformText#test_en_check_placeholder","30",""
"passed","scripts.test_webform_text.TestWebformText#test_gl_check_maxlength","5",""
"passed","scripts.test_webform_text.TestWebformText#test_ja_check_placeholder","34",""
"passed","scripts.test_webform_text.TestWebformText#test_gl_check_placeholder","23",""
"passed","scripts.test_webform_text.TestWebformText#test_gl_check_placeholder","22",""
"passed","scripts.test_webform_text.TestWebformText#test_en_empty_error_message","5",""
"passed","scripts.test_webform_text.TestWebformText#test_gl_check_maxlength","5",""
"passed","scripts.test_webform_text.TestWebformText#test_ja_type_error_message","4",""
"passed","scripts.test_webform_text.TestWebformText#test_en_check_maxlength","4",""
"passed","scripts.test_webform_text.TestWebformText#test_en_check_options","217",""
"passed","scripts.test_webform_text.TestWebformText#test_en_check_text","47",""
"passed","scripts.test_webform_text.TestWebformText#test_gl_check_text","46",""
"passed","scripts.test_webform_text.TestWebformText#test_gl_empty_error_message","5",""
"passed","scripts.test_webform_text.TestWebformText#test_gl_check_maxlength","8",""
"passed","scripts.test_webform_text.TestWebformText#test_ja_check_maxlength","4",""
"passed","scripts.test_webform_text.TestWebformText#test_gl_check_placeholder","34",""
"passed","scripts.test_webform_text.TestWebformText#test_en_check_text","26",""
"passed","scripts.test_webform_text.TestWebformText#test_en_check_maxlength","11",""
"passed","scripts.test_webform_text.TestWebformText#test_ja_check_text","48",""
"passed","scripts.test_webform_text.TestWebformText#test_en_check_placeholder","34",""
"passed","scripts.test_webform_text.TestWebformText#test_ja_check_placeholder","16",""
"passed","scripts.test_webform_text.TestWebformText#test_gl_check_placeholder","19",""
"passed","scripts.test_webform_text.TestWebformText#test_en_check_placeholder","38",""
"passed","scripts.test_webform_text.TestWebformText#test_gl_check_maxlength","5",""
"passed","scripts.test_webform_text.TestWebformText#test_ja_check_maxlength","5",""
"passed","scripts.test_webform_text.TestWebformText#test_gl_check_placeholder","38",""
"passed","scripts.test_webform_text.TestWebformText#test_ja_check_placeholder","34",""
"passed","scripts.test_webform_text.TestWebformText#test_ja_empty_error_message","6",""
"passed","scripts.test_webform_text.TestWebformText#test_gl_check_placeholder","26",""
"passed","scripts.test_webform_text.TestWebformText#test_ja_check_options","329",""
"passed","scripts.test_webform_text.TestWebformText#test_ja_empty_error_message","7",""
"passed","scripts.test_webform_text.TestWebformText#test_ja_check_placeholder","36",""
"passed","scripts.test_webform_text.TestWebformText#test_gl_check_text","48",""
"passed","scripts.test_webform_text.TestWebformText#test_en_check_text","40",""
"passed","scripts.test_webform_text.TestWebformText#test_ja_type_error_message","5",""
"passed","scripts.test_webform_text.TestWebformText#test_gl_check_text","49",""
"passed","scripts.test_webform_text.TestWebformText#test_gl_empty_error_message","5",""
"passed","scripts.test_webform_text.TestWebformText#test_gl_check_placeholder","20",""
"passed","scripts.test_webform_text.TestWebformText#test_en_check_maxlength","11",""
"passed","scripts.test_webform_text.TestWebformText#test_ja_check_placeholder","35",""
"passed","scripts.test_webform_text.TestWebformText#test_gl_empty_error_message","5",""
"passed","scripts.test_webform_text.TestWebformText#test_gl_type_error_message","5",""
"passed","scripts.test_webform_text.TestWebformText#test_gl_check_text","42",""
"passed","scripts.test_webform_text.TestWebformText#test_gl_check_maxlength","6",""
"passed","scripts.test_webform_text.TestWebformText#test_en_check_placeholder","32",""
"passed","scripts.test_webform_text.TestWebformText#test_gl_check_maxlength","5",""
"passed","scripts.test_webform_text.TestWebformText#test_en_check_maxlength","8",""
"passed","scripts.test_webform_text.TestWebformText#test_ja_check_maxlength","5",""
"passed","scripts.test_webform_text.TestWebformText#test_ja_check_text","38",""
"passed","scripts.test_webform_text.TestWebformText#test_ja_empty_error_message","11",""
"passed","scripts.test_webform_text.TestWebformText#test_gl_check_placeholder","36",""
"passed","scripts.test_webform_text.TestWebformText#test_en_check_text","47",""
"passed","scripts.test_webform_text.TestWebformText#test_ja_check_text","48",""
"passed","scripts.test_webform_text.TestWebformText#test_ja_check_placeholder","34",""
"passed","scripts.test_webform_text.TestWebformText#test_ja_check_maxlength","6",""
"passed","scripts.test_webform_text.TestWebformText#test_gl_type_error_message","5",""
"passed","scripts.test_webform_text.TestWebformText#test_ja_check_options","296",""
"passed","scripts.test_webform_text.TestWebformText#test_en_check_placeholder","34",""
"passed","scripts.test_webform_text.TestWebformText#test_en_check_placeholder","44",""
"passed","scripts.test_webform_text.TestWebformText#test_ja_check_placeholder","35",""
"passed","scripts.test_webform_text.TestWebformText#test_gl_click_agree_notice","5660",""
"passed","scripts.test_webform_text.TestWebformText#test_ja_check_maxlength","4",""
"passed","scripts.test_webform_text.TestWebformText#test_ja_check_placeholder","37",""
"passed","scripts.test_webform_text.TestWebformText#test_en_empty_error_message","5",""
"passed","scripts.test_webform_text.TestWebformText#test_en_check_maxlength","10",""
"passed","scripts.test_webform_text.TestWebformText#test_ja_check_options","221",""
"passed","scripts.test_webform_text.TestWebformText#test_en_check_maxlength","5",""
"passed","scripts.test_webform_text.TestWebformText#test_en_check_maxlength","4",""
"passed","scripts.test_webform_text.TestWebformText#test_ja_check_placeholder","39",""
"passed","scripts.test_webform_text.TestWebformText#test_gl_check_maxlength","6",""
"passed","scripts.test_webform_text.TestWebformText#test_en_check_maxlength","3",""
"passed","scripts.test_webform_text.TestWebformText#test_ja_check_maxlength","4",""
"passed","scripts.test_webform_text.TestWebformText#test_en_check_placeholder","34",""
"passed","scripts.test_webform_text.TestWebformText#test_gl_check_maxlength","5",""
"passed","scripts.test_webform_text.TestWebformText#test_ja_check_maxlength","5",""
"passed","scripts.test_webform_text.TestWebformText#test_en_empty_error_message","5",""
"passed","scripts.test_webform_text.TestWebformText#test_en_empty_error_message","5",""
"passed","scripts.test_webform_text.TestWebformText#test_gl_check_maxlength","5",""
"passed","scripts.test_webform_text.TestWebformText#test_en_check_text","40",""
"passed","scripts.test_webform_text.TestWebformText#test_ja_check_placeholder","38",""
"passed","scripts.test_webform_text.TestWebformText#test_en_check_maxlength","4",""
"passed","scripts.test_webform_text.TestWebformText#test_ja_check_placeholder","35",""
"passed","scripts.test_webform_text.TestWebformText#test_en_check_text","46",""
"passed","scripts.test_webform_text.TestWebformText#test_gl_check_text","28",""
"passed","scripts.test_webform_text.TestWebformText#test_en_check_text","46",""
"passed","scripts.test_webform_text.TestWebformText#test_en_check_maxlength","4",""
"passed","scripts.test_webform_text.TestWebformText#test_ja_check_placeholder","39",""
"passed","scripts.test_webform_text.TestWebformText#test_ja_check_maxlength","9",""
"passed","scripts.test_webform_text.TestWebformText#test_ja_check_maxlength","5",""
"passed","scripts.test_webform_text.TestWebformText#test_gl_check_maxlength","5",""
"passed","scripts.test_webform_text.TestWebformText#test_ja_click_agree_notice","5617",""
"passed","scripts.test_webform_text.TestWebformText#test_en_check_options","323",""
"passed","scripts.test_webform_text.TestWebformText#test_ja_empty_error_message","6",""
"broken","scripts.test_webform_text.TestWebformText#test_gl_check_text","2197",""
"passed","scripts.test_webform_text.TestWebformText#test_ja_check_text","48",""
"passed","scripts.test_webform_text.TestWebformText#test_ja_check_maxlength","5",""
"passed","scripts.test_webform_text.TestWebformText#test_gl_check_maxlength","10",""
"passed","scripts.test_webform_text.TestWebformText#test_ja_check_maxlength","4",""
"passed","scripts.test_webform_text.TestWebformText#test_en_check_text","47",""
"passed","scripts.test_webform_text.TestWebformText#test_gl_type_error_message","4",""
"passed","scripts.test_webform_text.TestWebformText#test_ja_check_placeholder","36",""
"passed","scripts.test_webform_text.TestWebformText#test_en_check_placeholder","37",""
"passed","scripts.test_webform_text.TestWebformText#test_gl_type_error_message","5",""
"passed","scripts.test_webform_text.TestWebformText#test_gl_empty_error_message","6",""
"passed","scripts.test_webform_text.TestWebformText#test_gl_check_maxlength","6",""
"passed","scripts.test_webform_text.TestWebformText#test_en_check_text","60",""
"passed","scripts.test_webform_text.TestWebformText#test_en_check_placeholder","34",""
"passed","scripts.test_webform_text.TestWebformText#test_ja_type_error_message","5",""
"passed","scripts.test_webform_text.TestWebformText#test_ja_check_placeholder","18",""
"passed","scripts.test_webform_text.TestWebformText#test_gl_check_placeholder","35",""
"passed","scripts.test_webform_text.TestWebformText#test_ja_empty_error_message","11",""
"passed","scripts.test_webform_text.TestWebformText#test_en_type_error_message","5",""
"passed","scripts.test_webform_text.TestWebformText#test_gl_empty_error_message","4",""
"passed","scripts.test_webform_text.TestWebformText#test_en_type_error_message","7",""
"passed","scripts.test_webform_text.TestWebformText#test_gl_check_maxlength","6",""
"passed","scripts.test_webform_text.TestWebformText#test_gl_check_text","47",""
"passed","scripts.test_webform_text.TestWebformText#test_ja_check_text","46",""
"passed","scripts.test_webform_text.TestWebformText#test_en_check_placeholder","30",""
"passed","scripts.test_webform_text.TestWebformText#test_en_type_error_message","6",""
"passed","scripts.test_webform_text.TestWebformText#test_ja_check_maxlength","5",""
"passed","scripts.test_webform_text.TestWebformText#test_gl_check_text","48",""
"passed","scripts.test_webform_text.TestWebformText#test_ja_check_placeholder","34",""
"passed","scripts.test_webform_text.TestWebformText#test_gl_check_maxlength","5",""
"passed","scripts.test_webform_text.TestWebformText#test_gl_check_maxlength","6",""
"passed","scripts.test_webform_text.TestWebformText#test_gl_check_placeholder","33",""
"passed","scripts.test_webform_text.TestWebformText#test_gl_type_error_message","4",""
"passed","scripts.test_webform_text.TestWebformText#test_en_click_agree_notice","5586",""
"passed","scripts.test_webform_text.TestWebformText#test_ja_check_text","44",""
"passed","scripts.test_webform_text.TestWebformText#test_gl_check_text","44",""
"passed","scripts.test_webform_text.TestWebformText#test_gl_check_maxlength","5",""
"passed","scripts.test_webform_text.TestWebformText#test_ja_check_text","46",""
"passed","scripts.test_webform_text.TestWebformText#test_ja_check_maxlength","4",""
"passed","scripts.test_webform_text.TestWebformText#test_gl_empty_error_message","5",""
"passed","scripts.test_webform_text.TestWebformText#test_ja_type_error_message","5",""
"passed","scripts.test_webform_text.TestWebformText#test_gl_check_placeholder","34",""
"passed","scripts.test_webform_text.TestWebformText#test_ja_check_placeholder","25",""
"passed","scripts.test_webform_text.TestWebformText#test_ja_check_placeholder","35",""
"passed","scripts.test_webform_text.TestWebformText#test_ja_check_maxlength","5",""
"passed","scripts.test_webform_text.TestWebformText#test_gl_check_text","39",""
"passed","scripts.test_webform_text.TestWebformText#test_ja_empty_error_message","7",""
"passed","scripts.test_webform_text.TestWebformText#test_ja_check_text","45",""
"passed","scripts.test_webform_text.TestWebformText#test_gl_check_text","44",""
"passed","scripts.test_webform_text.TestWebformText#test_ja_check_maxlength","4",""
"passed","scripts.test_webform_text.TestWebformText#test_ja_check_maxlength","5",""
"passed","scripts.test_webform_text.TestWebformText#test_gl_check_maxlength","12",""
"passed","scripts.test_webform_text.TestWebformText#test_en_check_placeholder","20",""
"passed","scripts.test_webform_text.TestWebformText#test_gl_check_placeholder","37",""
"passed","scripts.test_webform_text.TestWebformText#test_en_type_error_message","9",""
"passed","scripts.test_webform_text.TestWebformText#test_ja_check_maxlength","5",""
"passed","scripts.test_webform_text.TestWebformText#test_ja_check_text","40",""
"passed","scripts.test_webform_text.TestWebformText#test_gl_check_maxlength","6",""
"passed","scripts.test_webform_text.TestWebformText#test_en_check_maxlength","6",""
"passed","scripts.test_webform_text.TestWebformText#test_en_check_maxlength","4",""
"passed","scripts.test_webform_text.TestWebformText#test_en_check_placeholder","32",""
"passed","scripts.test_webform_text.TestWebformText#test_gl_check_options","278",""
"passed","scripts.test_webform_text.TestWebformText#test_en_check_placeholder","35",""
"passed","scripts.test_webform_text.TestWebformText#test_ja_check_maxlength","5",""
"passed","scripts.test_webform_text.TestWebformText#test_ja_type_error_message","8",""
"passed","scripts.test_webform_text.TestWebformText#test_gl_check_placeholder","37",""
"passed","scripts.test_webform_text.TestWebformText#test_en_check_maxlength","10",""
"passed","scripts.test_webform_text.TestWebformText#test_gl_check_placeholder","53",""
"passed","scripts.test_webform_text.TestWebformText#test_gl_check_placeholder","36",""
"passed","scripts.test_webform_text.TestWebformText#test_en_check_maxlength","3",""
"passed","scripts.test_webform_text.TestWebformText#test_en_type_error_message","5",""
"passed","scripts.test_webform_text.TestWebformText#test_gl_check_maxlength","5",""
"passed","scripts.test_webform_text.TestWebformText#test_gl_check_placeholder","26",""
"passed","scripts.test_webform_text.TestWebformText#test_en_check_placeholder","36",""
"passed","scripts.test_webform_text.TestWebformText#test_en_check_maxlength","5",""
"passed","scripts.test_webform_text.TestWebformText#test_gl_check_placeholder","36",""
"passed","scripts.test_webform_text.TestWebformText#test_en_check_options","331",""
"passed","scripts.test_webform_text.TestWebformText#test_en_empty_error_message","6",""
"passed","scripts.test_webform_text.TestWebformText#test_gl_check_text","125",""
"passed","scripts.test_webform_text.TestWebformText#test_en_check_placeholder","33",""
"passed","scripts.test_webform_text.TestWebformText#test_en_check_maxlength","10",""
"passed","scripts.test_webform_text.TestWebformText#test_gl_check_maxlength","4",""
"passed","scripts.test_webform_text.TestWebformText#test_ja_check_placeholder","30",""
"passed","scripts.test_webform_text.TestWebformText#test_en_check_placeholder","35",""
"passed","scripts.test_webform_text.TestWebformText#test_en_check_maxlength","7",""
"passed","scripts.test_webform_text.TestWebformText#test_ja_empty_error_message","7",""
"broken","scripts.test_webform_text.TestWebformText#test_en_check_text","2203",""
"passed","scripts.test_webform_text.TestWebformText#test_gl_empty_error_message","8",""
"passed","scripts.test_webform_text.TestWebformText#test_en_check_placeholder","32",""
"passed","scripts.test_webform_text.TestWebformText#test_ja_check_maxlength","5",""
"passed","scripts.test_webform_text.TestWebformText#test_en_check_text","47",""
"passed","scripts.test_webform_text.TestWebformText#test_en_check_placeholder","34",""
"passed","scripts.test_webform_text.TestWebformText#test_gl_check_placeholder","33",""
"passed","scripts.test_webform_text.TestWebformText#test_ja_check_placeholder","35",""
"passed","scripts.test_webform_text.TestWebformText#test_ja_empty_error_message","6",""
"passed","scripts.test_webform_text.TestWebformText#test_gl_check_maxlength","5",""
"passed","scripts.test_webform_text.TestWebformText#test_en_empty_error_message","6",""
"broken","scripts.test_webform_text.TestWebformText#test_ja_check_text","2199",""
"passed","scripts.test_webform_text.TestWebformText#test_ja_check_text","42",""
"passed","scripts.test_webform_text.TestWebformText#test_ja_check_maxlength","5",""
"passed","scripts.test_webform_text.TestWebformText#test_ja_check_maxlength","4",""
"passed","scripts.test_webform_text.TestWebformText#test_en_check_maxlength","7",""
"passed","scripts.test_webform_text.TestWebformText#test_en_check_maxlength","6",""
"passed","scripts.test_webform_text.TestWebformText#test_gl_check_maxlength","5",""
"passed","scripts.test_webform_text.TestWebformText#test_gl_check_placeholder","35",""
"passed","scripts.test_webform_text.TestWebformText#test_en_check_maxlength","4",""
"passed","scripts.test_webform_text.TestWebformText#test_gl_check_placeholder","32",""
"passed","scripts.test_webform_text.TestWebformText#test_en_check_placeholder","33",""
"passed","scripts.test_webform_text.TestWebformText#test_ja_check_placeholder","35",""
"passed","scripts.test_webform_text.TestWebformText#test_gl_empty_error_message","6",""
"passed","scripts.test_webform_text.TestWebformText#test_en_empty_error_message","4",""
"passed","scripts.test_webform_text.TestWebformText#test_ja_check_placeholder","34",""
"passed","scripts.test_webform_text.TestWebformText#test_ja_check_text","48",""
"passed","scripts.test_webform_text.TestWebformText#test_gl_check_options","207",""
"passed","scripts.test_webform_text.TestWebformText#test_en_check_maxlength","10",""
"passed","scripts.test_webform_text.TestWebformText#test_en_check_text","47",""
